,created,domain,full_link,locked,selftext,subreddit,title,url
0,2016-10-08 06:41:15+00:00,imgur.com,https://www.reddit.com/r/Leathercraft/comments/56fvir/just_in_time_for_halloween_leather_gorget/,False,,Leathercraft,Just in time for Halloween leather gorget thinking of selling it for maybe 40 to 50 bucks not sure..gawd how I hate figuring out prices!!!,http://imgur.com/gallery/dvshu
1,2016-10-03 04:54:40+00:00,imgur.com,https://www.reddit.com/r/Leathercraft/comments/55m6d8/tired_of_getting_my_water_bottle_out_of_my/,False,,Leathercraft,tired of getting my water bottle out of my backpack on walks so made a water bottle holder that fits on my belt. Made from scrap leather that I had.,http://imgur.com/gallery/qzBvf
2,2016-09-29 08:48:05+00:00,imgur.com,https://www.reddit.com/r/Leathercraft/comments/5519ff/great_use_for_scrap_leather_that_is_just_sitting/,False,,Leathercraft,Great use for scrap leather that is just sitting around. Can still make more then a few with the scrap that I have from my other projects. And got to use up the last of my whiskey coloured kangaroo lace as well!,http://imgur.com/gallery/sxq8D
3,2016-09-25 07:42:02+00:00,imgur.com,https://www.reddit.com/r/Leathercraft/comments/54e897/first_time_for_doing_a_mexican_round_braid/,False,,Leathercraft,First time for doing a Mexican round braid figured a bracelet would be nice,http://imgur.com/gallery/qqlKv
4,2016-09-08 19:48:27+00:00,self.malefashionadvice,https://www.reddit.com/r/malefashionadvice/comments/51t7tl/have_a_question_on_bags/,False,"Ok been making a few leather bags (all by hand) and was wondering what style should I am more at guys, as personally I feel that the messenger style bag is a bit more of a man's bag then a woman's bag. Kind of stuck on one type basicly which is the tote bag (which I have finally made one pure leather tote bag) but not sure if tote bags are more of a ""guys"" bag or a woman's bag.",malefashionadvice,Have a question on bags,https://www.reddit.com/r/malefashionadvice/comments/51t7tl/have_a_question_on_bags/
5,2016-09-02 19:45:48+00:00,gibbinthegremlin.com,https://www.reddit.com/r/totebags/comments/50v3su/hand_crafted_leather_tote_bag/,False,,totebags,Hand crafted Leather tote bag,https://gibbinthegremlin.com/collections/tote-bags/products/luxurious-hand-crafted-leather-tote-bag
6,2016-09-01 02:56:27+00:00,imgur.com,https://www.reddit.com/r/somethingimade/comments/50l469/handmade_leather_tote_bag/,False,,somethingimade,Handmade Leather tote bag,http://imgur.com/gallery/xktyF
7,2016-08-29 21:42:04+00:00,gibbinthegremlin.com,https://www.reddit.com/r/ArtisanGifts/comments/507ilt/hand_crafted_luxurious_leather_tote_bag/,False,,ArtisanGifts,Hand Crafted Luxurious Leather Tote Bag,https://gibbinthegremlin.com/collections/tote-bags/products/luxurious-hand-crafted-leather-tote-bag
8,2016-08-28 10:39:08+00:00,imgur.com,https://www.reddit.com/r/Leathercraft/comments/4zywnk/finally_finished_by_hand_and_my_fingers_will_not/,False,,Leathercraft,Finally finished (by hand and my fingers will not forgive me for a while) my first leather tote bag!,http://imgur.com/gallery/xktyF
9,2016-08-15 03:45:47+00:00,gibbinthegremlin.com,https://www.reddit.com/r/ArtisanGifts/comments/4xrryp/usb_leather_case_holders/,False,,ArtisanGifts,USB Leather Case Holders,https://gibbinthegremlin.com/collections/cases/products/usb-leather-case-holder
10,2016-08-09 19:32:09+00:00,imgur.com,https://www.reddit.com/r/somethingimade/comments/4wy0qq/got_a_little_bored_yesterday_so_made_two/,False,,somethingimade,Got a little bored yesterday so made two different styles of leather USB stick keyring/holder,http://imgur.com/a/EebEG
11,2016-08-09 19:31:09+00:00,imgur.com,https://www.reddit.com/r/Leathercraft/comments/4wy0kn/updated_version_of_the_usb_stick_keyring_one_with/,False,,Leathercraft,"Updated version of the usb stick keyring, one with string ray and ugg now I remember why I hate cutting stingray!",http://imgur.com/a/EebEG
12,2016-08-06 12:34:01+00:00,imgur.com,https://www.reddit.com/r/Leathercraft/comments/4wfplm/new_bi_fold_leather_wallet_bought_a_new_piece_of/,False,,Leathercraft,New bi fold leather wallet. Bought a new piece of leather from tandy called a Montana side figured something simple to get the feel for it..along with sheep skin which I have never used.,http://imgur.com/gallery/xzATO
13,2016-07-29 21:48:13+00:00,gibbinthegremlin.com,https://www.reddit.com/r/ArtisanGifts/comments/4v916m/hand_made_leather_journal_cover/,False,,ArtisanGifts,Hand made Leather journal cover,https://gibbinthegremlin.com/collections/book-journal-covers/products/leather-journal-cover
14,2016-07-23 08:52:56+00:00,self.maille,https://www.reddit.com/r/maille/comments/4u7hk5/question_on_scalemail/,False,Ok trying to make a scalemail tie but for some reason getting the scalemail to simple keep dropping straight doen has me confused. So how do you do a straight 4 or 5 or how evermany you need straight horizontal rows ? And keep the pattern going vertically straight down with out it expanding outward?,maille,Question on scalemail,https://www.reddit.com/r/maille/comments/4u7hk5/question_on_scalemail/
15,2016-07-13 20:04:06+00:00,gibbinthegremlin.com,https://www.reddit.com/r/ArtisanGifts/comments/4sp65i/dragon_queens_tears_golden_necklace/,False,,ArtisanGifts,Dragon Queen's Tears golden Necklace,https://gibbinthegremlin.com/collections/necklaces/products/dragon-queens-tears
16,2016-07-01 09:18:18+00:00,gibbinthegremlin.com,https://www.reddit.com/r/ArtisanGifts/comments/4qqux1/black_stingray_hand_made_wallet/,False,,ArtisanGifts,Black Stingray hand made Wallet,https://gibbinthegremlin.com/collections/wallets/products/walet-black-stingray-wallet-hand-stitched
17,2016-06-23 06:34:04+00:00,imgur.com,https://www.reddit.com/r/Leathercraft/comments/4pfd51/need_some_help_with_this_vaping_case_would_you/,False,,Leathercraft,"Need some help with this vaping case, would you change anything..and keep in mind this is a ROUGH prototype!",http://imgur.com/a/LW3wL
18,2016-06-23 06:33:22+00:00,imgur.com,https://www.reddit.com/r/electronic_cigarette/comments/4pfd2q/need_some_help_would_you_change_anything_about/,False,,electronic_cigarette,"Need some help, would you change anything about this case?",http://imgur.com/a/LW3wL
19,2016-06-21 03:49:30+00:00,gibbinthegremlin.com,https://www.reddit.com/r/chainmailartisans/comments/4p2pfh/someone_suggested_that_i_post_this_here_and_yes/,False,,chainmailartisans,"Someone suggested that I post this here, and yes this is my creation really do love the dragon weave for chainmail, its one of my favorite weaves",https://gibbinthegremlin.com/collections/precious-metal-bracelet/products/stunning-rose-gold-dragon-weave-bracelet
20,2016-06-21 03:37:22+00:00,imgur.com,https://www.reddit.com/r/chainmailartisans/comments/4p2nqq/dragontail_scalemail_bracelet_yes_yes_not_that/,False,,chainmailartisans,Dragontail scalemail bracelet *yes yes not that orginal of a name but hey!*,http://imgur.com/a/P3Z1m
21,2016-06-16 20:09:01+00:00,gibbinthegremlin.com,https://www.reddit.com/r/ArtisanGifts/comments/4ofdi7/stunning_rose_gold_bracelet/,False,,ArtisanGifts,Stunning Rose Gold Bracelet,https://gibbinthegremlin.com/collections/precious-metal-bracelet/products/stunning-rose-gold-dragon-weave-bracelet
22,2016-06-15 04:10:03+00:00,imgur.com,https://www.reddit.com/r/Leathercraft/comments/4o5iv0/woodgrain_leather_smart_phone_case/,False,,Leathercraft,Woodgrain leather smart phone case,http://imgur.com/a/2fY0Q
23,2016-06-09 04:44:44+00:00,imgur.com,https://www.reddit.com/r/Leathercraft/comments/4n99tx/prototype_for_a_smart_phone_belt_case/,False,,Leathercraft,prototype for a smart phone belt case,http://imgur.com/a/4uqMa
24,2016-06-09 03:52:17+00:00,gibbinthegremlin.com,https://www.reddit.com/r/ArtisanGifts/comments/4n934o/hand_crafted_leather_dopp_kit_gentlemens_toiletry/,False,,ArtisanGifts,"Hand Crafted Leather dopp kit, gentlemen's toiletry bag",https://gibbinthegremlin.com/collections/dopp-kits
25,2016-06-01 19:49:24+00:00,gibbinthegremlin.com,https://www.reddit.com/r/wallet/comments/4m35lz/handmade_black_leather_biker_wallet/,False,,wallet,Handmade Black Leather Biker Wallet,https://gibbinthegremlin.com/collections/wallets/products/black-leather-biker-wallet
26,2016-06-01 12:46:52+00:00,gibbinthegremlin.com,https://www.reddit.com/r/ArtisanGifts/comments/4m120s/hand_made_black_leather_biker_wallet/,False,,ArtisanGifts,Hand Made Black Leather Biker Wallet,https://gibbinthegremlin.com/collections/wallets/products/black-leather-biker-wallet
27,2016-06-01 04:51:37+00:00,gibbinthegremlin.com,https://www.reddit.com/r/wallets/comments/4lzkkh/hand_crafted_black_leather_biker_wallet/,False,,wallets,Hand crafted Black Leather Biker Wallet,https://gibbinthegremlin.com/products/black-leather-biker-wallet
28,2016-05-31 19:42:48+00:00,imgur.com,https://www.reddit.com/r/Leathercraft/comments/4lx3of/mixed_leather_biker_wallet_veg_tan_and_kangaroo/,False,,Leathercraft,"Mixed leather biker wallet, veg tan and kangaroo leather, 5 slots for cash and what not, 3 card slots and a key slot",http://imgur.com/a/gzc5M
29,2016-05-31 19:39:12+00:00,imgur.com,https://www.reddit.com/r/somethingimade/comments/4lx2yt/leather_biker_wallet_a_mix_of_leathers_from_veg/,False,,somethingimade,Leather biker wallet a mix of leathers from veg tan leather along with roo leather,http://imgur.com/a/gzc5M
30,2016-05-25 22:41:40+00:00,gibbinthegremlin.com,https://www.reddit.com/r/somethingimade/comments/4l2alz/could_use_a_little_help_on_marketing_this_as_i_am/,False,,somethingimade,"Could use a little help on marketing this, as I am not sure who to aim for the ladies or the guys as this is a long wallet",https://gibbinthegremlin.com/collections/wallets/products/handmade-black-and-light-brown-long-wallet
31,2016-05-24 21:09:23+00:00,gibbinthegremlin.com,https://www.reddit.com/r/wallets/comments/4kw32u/handmade_leather_long_wallet_still_not_totally/,False,,wallets,Handmade leather long wallet still not totally sure if I should aim this more at women or men to be honest.,https://gibbinthegremlin.com/collections/wallets/products/handmade-black-and-light-brown-long-wallet
32,2016-05-24 20:59:09+00:00,gibbinthegremlin.com,https://www.reddit.com/r/wallet/comments/4kw179/handmade_leather_long_wallet/,False,,wallet,Handmade leather long wallet.,https://gibbinthegremlin.com/collections/wallets/products/handmade-black-and-light-brown-long-wallet
33,2016-05-24 20:38:33+00:00,gibbinthegremlin.com,https://www.reddit.com/r/ArtisanGifts/comments/4kvxbw/handmade_black_and_light_brown_long_wallet/,False,,ArtisanGifts,Handmade black and light brown long wallet – GibbinTheGremlin's B.E.S.T Chainmaille and Leather Goods,https://gibbinthegremlin.com/collections/wallets/products/handmade-black-and-light-brown-long-wallet
34,2016-05-23 20:27:23+00:00,gibbinthegremlin.com,https://www.reddit.com/r/ArtisanGifts/comments/4kq0jf/sterling_silver_and_14k_gold_chainmaille/,False,,ArtisanGifts,Sterling Silver and 14K Gold Chainmaille Dragonweave Bracelet – GibbinTheGremlin's B.E.S.T Chainmaille and Leather Goods,https://gibbinthegremlin.com/collections/precious-metal-bracelet/products/sterling-silver-and-14k-gold-chainmaille-dragonweave-bracelet
35,2016-05-18 13:41:39+00:00,imgur.com,https://www.reddit.com/r/corsetry/comments/4jwpjf/leather_gentlemans_steampunk_corset_all_done_by/,False,,corsetry,Leather Gentleman's steampunk corset all done by hand,http://imgur.com/a/r7Mgf
36,2016-05-18 13:39:05+00:00,gibbinthegremlin.com,https://www.reddit.com/r/ArtisanGifts/comments/4jwp4m/dark_brown_leather_handbag_gibbinthegremlins_best/,False,,ArtisanGifts,Dark Brown Leather Handbag – GibbinTheGremlin's B.E.S.T Chainmaille and Leather Goods,https://gibbinthegremlin.com/collections/purses/products/dark-brown-leather-handbag
37,2016-05-18 13:37:55+00:00,imgur.com,https://www.reddit.com/r/Leathercraft/comments/4jwoy2/finished_gentlemans_leather_steampunk/,False,,Leathercraft,"Finished gentleman's leather steampunk corset...finally done!! all by hand no less, first corset that I have drafted!!",http://imgur.com/a/r7Mgf
38,2016-05-11 21:40:50+00:00,gibbinthegremlin.com,https://www.reddit.com/r/ArtisanGifts/comments/4ixb8h/three_in_one_leather_underbust_corset/,False,,ArtisanGifts,Three in one leather underbust corset,https://gibbinthegremlin.com/collections/corsets/products/leather-three-in-one-handmade-underbust-corset
39,2016-05-04 02:25:33+00:00,imgur.com,https://www.reddit.com/r/purses/comments/4hsgam/dark_brown_had_made_leather_purse_would_like_to/,False,,purses,"Dark brown had made leather purse, would like to know what people think about it as I am thinking of selling this one as well as making another one just a different color.",http://imgur.com/a/6EkIz
40,2016-05-04 02:21:28+00:00,gibbinthegremlin.com,https://www.reddit.com/r/ArtisanGifts/comments/4hsfpf/dark_brown_leather_messenger_bag/,False,,ArtisanGifts,Dark Brown Leather Messenger Bag,https://gibbinthegremlin.com/collections/messenger-bags/products/dark-brown-leather-messenger-bag
41,2016-04-30 20:45:38+00:00,gibbinthegremlin.com,https://www.reddit.com/r/somethingimade/comments/4h64gl/really_need_to_put_these_up_on_imgur_again_best/,False,,somethingimade,Really need to put these up on imgur again. Best shots I have of this corset though.,https://gibbinthegremlin.com/collections/corsets/products/leather-three-in-one-handmade-underbust-corset
42,2016-04-30 20:28:30+00:00,gibbinthegremlin.com,https://www.reddit.com/r/ArtisanGifts/comments/4h61zu/hand_made_hand_stitched_leather_messenger_bag/,False,,ArtisanGifts,"Hand Made, Hand stitched leather messenger bag",https://gibbinthegremlin.com/collections/messenger-bags/products/dark-brown-leather-messenger-bag
43,2016-04-28 09:26:54+00:00,imgur.com,https://www.reddit.com/r/Leathercraft/comments/4gt8aq/leather_smartphone_cases_all_done_by_hand_so_love/,False,,Leathercraft,Leather smartphone cases all done by hand. So love the oxblood color just wish it would come in a gel!,http://imgur.com/a/CLf0G
44,2016-04-27 05:50:42+00:00,imgur.com,https://www.reddit.com/r/Leathercraft/comments/4gn5lc/leather_hand_made_cinch_belt/,False,,Leathercraft,Leather hand made cinch belt,http://imgur.com/a/FmCeq
45,2016-04-27 05:47:50+00:00,imgur.com,https://www.reddit.com/r/somethingimade/comments/4gn59b/hand_made_dark_mahogany_leather_cinch_belt/,False,,somethingimade,Hand made Dark Mahogany leather cinch belt,http://imgur.com/a/FmCeq
46,2016-04-25 19:46:01+00:00,gibbinthegremlin.com,https://www.reddit.com/r/ArtisanGifts/comments/4gf1yf/handmade_leather_jewellery_box/,False,,ArtisanGifts,Handmade leather jewellery box,https://gibbinthegremlin.com/collections/jewellery-boxs/products/rose-leather-jewelery-box
47,2016-04-25 12:45:54+00:00,gibbinthegremlin.com,https://www.reddit.com/r/BuyItForLife/comments/4gd54m/dark_brown_leather_messenger_bag_all_done_by_hand/,False,,BuyItForLife,"Dark Brown Leather Messenger Bag all done by hand, and trust me that is a lot of stitching!! But this will truly out last most modern bags not only due to the leather but the hand stitching as well!",https://gibbinthegremlin.com/collections/messenger-bags/products/dark-brown-leather-messenger-bag
48,2016-04-25 12:35:30+00:00,gibbinthegremlin.com,https://www.reddit.com/r/messengerbags/comments/4gd3qv/thought_i_would_share_this_this_is_all_done_by/,False,,messengerbags,"Thought I would share this, this is all done by hand, even the stitching with a very strong leather saddle stitch. It's a pure leather messenger bag one of my favs",https://gibbinthegremlin.com/collections/messenger-bags/products/dark-brown-leather-messenger-bag
49,2016-04-24 22:52:25+00:00,gibbinthegremlin.com,https://www.reddit.com/r/womensfashion/comments/4gahbz/dark_brown_leather_handbag_gibbinthegremlins_best/,False,,womensfashion,Dark Brown Leather Handbag – GibbinTheGremlin's B.E.S.T Chainmaille and Leather Goods,https://gibbinthegremlin.com/collections/purses/products/dark-brown-leather-handbag
50,2016-04-24 20:22:03+00:00,gibbinthegremlin.com,https://www.reddit.com/r/womensfashion/comments/4g9try/hand_made_leather_cinch_belt_would_like_a_few/,False,,womensfashion,"Hand Made Leather Cinch belt, would like a few opinions on it.",https://gibbinthegremlin.com/collections/belts-womens-mens/products/hand-made-dark-brown-leather-ladys-cinch-belt
51,2016-04-23 21:09:17+00:00,gibbinthegremlin.com,https://www.reddit.com/r/somethingimade/comments/4g5aoy/hand_made_even_the_stitching_which_there_is_70/,False,,somethingimade,Hand Made (even the stitching which there is 70 hours worth of hand stitching) leather messenger bag. Any thoughts on it as I am always open for new ideas?,https://gibbinthegremlin.com/collections/messenger-bags/products/dark-brown-leather-messenger-bag
52,2016-04-23 13:47:38+00:00,gibbinthegremlin.com,https://www.reddit.com/r/somethingimade/comments/4g3j3l/fully_hand_made_leather_cinch_belt_it_is_a_rather/,False,,somethingimade,Fully hand made leather cinch belt. It is a rather interesting idea that gives a lot of different design possibilities.,https://gibbinthegremlin.com/collections/belts-womens-mens/products/hand-made-dark-brown-leather-ladys-cinch-belt
53,2016-04-18 01:27:52+00:00,imgur.com,https://www.reddit.com/r/Leathercraft/comments/4f9jbh/handmade_and_hand_stitched_artificially_stressed/,False,,Leathercraft,Handmade and hand stitched artificially stressed look bi-fold leather wallet made from 4 to 5 oz leather.,http://imgur.com/a/l05XL
54,2016-04-16 20:30:31+00:00,self.corsetry,https://www.reddit.com/r/corsetry/comments/4f3kyx/question_on_cinch_belts/,False,"Just a quick question do cinch belts fall under the ""corset"" title for a lack of a better term or are they more of a simple belt that ties in the back?",corsetry,Question on cinch belts,https://www.reddit.com/r/corsetry/comments/4f3kyx/question_on_cinch_belts/
55,2016-04-13 21:28:53+00:00,imgur.com,https://www.reddit.com/r/Leathercraft/comments/4enteg/cinch_belt/,False,,Leathercraft,Cinch belt,http://imgur.com/a/RP3Ps
56,2016-04-05 01:53:59+00:00,gibbinthegremlin.com,https://www.reddit.com/r/steampunkforsale/comments/4decbd/steampunk_themed_leather_jewellerystorage_box_all/,False,,steampunkforsale,Steampunk themed leather jewellery/storage box. All done by hand with style!,https://gibbinthegremlin.com/collections/jewellery-boxs/products/leather-steampunk-jewellery-box
57,2016-03-28 12:07:57+00:00,imgur.com,https://www.reddit.com/r/Leathercraft/comments/4c9vc0/leather_inverted_rose_tooling_jewelry_box/,False,,Leathercraft,Leather inverted rose tooling jewelry box,http://imgur.com/a/Hmiab
58,2016-03-21 06:40:46+00:00,imgur.com,https://www.reddit.com/r/corsets/comments/4bb9c3/three_interchangleable_center_panel_all_leather/,False,,corsets,Three interchangleable center panel all leather underbust corset All done by hand.,http://imgur.com/gallery/ahBau
59,2016-03-21 06:38:43+00:00,imgur.com,https://www.reddit.com/r/Leathercraft/comments/4bb95c/steampunk_jewelry_box/,False,,Leathercraft,Steampunk Jewelry Box,http://imgur.com/gallery/MfVlb
60,2016-03-16 00:55:21+00:00,imgur.com,https://www.reddit.com/r/Leathercraft/comments/4alg0t/fully_finished_leather_messenger_bag_rounded/,False,,Leathercraft,"Fully finished leather messenger bag, rounded corners and edges really love the look of this",http://imgur.com/a/IcMog
61,2016-03-12 19:37:35+00:00,imgur.com,https://www.reddit.com/r/Leathercraft/comments/4a55h7/currently_handstitching_this_leather_messenger_bag/,False,,Leathercraft,Currently handstitching this leather messenger bag,http://imgur.com/a/FN1BJ
62,2016-03-02 04:30:42+00:00,imgur.com,https://www.reddit.com/r/Leathercraft/comments/48kj2w/first_ever_dopp_bag_mens_toiletry_bag_all_done_by/,False,,Leathercraft,First ever Dopp bag (men's toiletry bag) all done by hand from a mineli side from tandy,http://imgur.com/gallery/NvsVp
63,2016-02-26 05:08:49+00:00,imgur.com,https://www.reddit.com/r/Leathercraft/comments/47njsm/leather_bracelet_with_a_mexican_basketweave/,False,,Leathercraft,Leather bracelet with a Mexican basketweave applique,http://imgur.com/a/ZD9nu
64,2016-02-25 18:54:32+00:00,imgur.com,https://www.reddit.com/r/Leathercraft/comments/47klgn/got_bored_made_two_leather_bracelets_using/,False,,Leathercraft,Got bored made two leather bracelets using Mexican basketweave applique,http://imgur.com/a/DJHSI
65,2016-02-17 18:00:24+00:00,imgur.com,https://www.reddit.com/r/Leathercraft/comments/469zlh/dark_brown_leather_purse_all_done_by_hand/,False,,Leathercraft,"Dark brown leather purse, all done by hand, including the stitching",http://imgur.com/a/6EkIz
66,2016-02-14 09:55:28+00:00,imgur.com,https://www.reddit.com/r/Leathercraft/comments/45pnc1/fully_finished_leather_journal_cover_all_done_by/,False,,Leathercraft,Fully finished Leather journal cover all done by hand,http://imgur.com/a/aJM9Z
67,2016-02-13 21:01:41+00:00,imgur.com,https://www.reddit.com/r/Leathercraft/comments/45mls5/tribal_design_with_a_mexican_basket_weave/,False,,Leathercraft,Tribal design with a Mexican basket weave applique that goes on a leather journal cover...if not to big!!!,http://imgur.com/ZSpWY6Y
68,2016-02-11 08:36:05+00:00,self.Leathercraft,https://www.reddit.com/r/Leathercraft/comments/457up1/question_on_sewing_bags/,False,"Ok so I have an idea for a handbag but I want to sew the bag inside out and then pull it right side out to hide the stotching. But here is the question, I want to put a partion in the middle of the bag so how would i go about doing that so the stitching is hidden as well?",Leathercraft,Question on sewing bags,https://www.reddit.com/r/Leathercraft/comments/457up1/question_on_sewing_bags/
69,2016-02-10 20:02:34+00:00,imgur.com,https://www.reddit.com/r/Leathercraft/comments/454nmf/first_leather_book_coverjacket_what_ever_you_want/,False,,Leathercraft,First leather book cover/jacket what ever you want to call it,http://imgur.com/gallery/u1K44
70,2016-02-07 19:17:57+00:00,self.Leathercraft,https://www.reddit.com/r/Leathercraft/comments/44n2rf/hand_bag_patterns/,False,Anyone know of any good sites for hand bag pattersn looking for either over the shoulder or cross body bags. Thanks all,Leathercraft,Hand bag patterns,https://www.reddit.com/r/Leathercraft/comments/44n2rf/hand_bag_patterns/
71,2016-01-29 11:38:37+00:00,imgur.com,https://www.reddit.com/r/Leathercraft/comments/438gdf/leather_and_lace_retro_style_purse_all_done_by/,False,,Leathercraft,Leather and lace retro style purse all done by hand..and a pain in the rump!!!,http://imgur.com/YxkNnAk
72,2016-01-27 05:21:43+00:00,imgur.com,https://www.reddit.com/r/Leathercraft/comments/42vybn/neck_corset_all_done_by_hand/,False,,Leathercraft,neck corset all done by hand,http://imgur.com/Qx7sNgF
73,2016-01-12 09:31:55+00:00,self.paracord,https://www.reddit.com/r/paracord/comments/40ltzb/question_about_paracord_whips/,False,"Ok was messing around with my very first ever made paracord whip. It WAS 5 foot 5 inches long. I say was becauce it is now around 5 foot 3 maybe 4 inches long. I was testing the whip as I thing my braiding was not that tight as it looked like it was shifting upwards on me.  Any ways I went to crack it (does give a nice crack) when i ened up hitting my arm (which did NOT tickle) when i looked at the whip it had cut itself just above the fall.  So my question is is this a ""normal"" thing that can happen with the whip cutting itself almost all the way through the end or was this just a freak accident?",paracord,Question about paracord whips.,https://www.reddit.com/r/paracord/comments/40ltzb/question_about_paracord_whips/
74,2015-12-20 18:46:05+00:00,imgur.com,https://www.reddit.com/r/corsetry/comments/3xlrzc/all_leather_underbust_corsets_still_not_sure/,False,,corsetry,All Leather underbust corsets still not sure about the curve on the hips (better photos soon) comments and suggestions wanted as still a bit new on making corsets.,http://imgur.com/a/6RVNs
75,2015-12-20 18:43:45+00:00,imgur.com,https://www.reddit.com/r/Leathercraft/comments/3xlrnq/underbust_corsets/,False,,Leathercraft,Underbust corsets,http://imgur.com/a/6RVNs
76,2015-12-03 20:33:12+00:00,self.corsetry,https://www.reddit.com/r/corsetry/comments/3vbp15/question_on_underbust_corsets/,False,Now I have made a few of these (have one more in the works that I need to finish up and get photos of) but my question is why do people only mention the bust size and waist size but never the hip size?,corsetry,Question on underbust corsets,https://www.reddit.com/r/corsetry/comments/3vbp15/question_on_underbust_corsets/
77,2015-11-21 19:04:40+00:00,imgur.com,https://www.reddit.com/r/maille/comments/3tq129/playing_around_with_a_new_design_for_a_bracelet/,False,,maille,Playing around with a new design for a bracelet,http://imgur.com/d934ZZS
78,2015-11-14 22:01:00+00:00,imgur.com,https://www.reddit.com/r/maille/comments/3stsya/dragon_back_color_choicessome_times_a_person_can/,False,,maille,Dragon back color choices...some times a person can have to many choices!!!,http://imgur.com/tZEQ1Dz
79,2015-11-12 03:31:20+00:00,imgur.com,https://www.reddit.com/r/somethingimade/comments/3shs3u/kangaroo_leather_card_money_holder_all_hand/,False,,somethingimade,Kangaroo Leather Card /Money holder all hand stitched,http://imgur.com/a/X2rtr
80,2015-11-10 19:42:32+00:00,imgur.com,https://www.reddit.com/r/maille/comments/3sb96h/finally_got_around_to_learning_both_elf_weave_and/,False,,maille,Finally got around to learning both elf weave and dragon steps.,http://imgur.com/a/AXwY3
81,2015-11-02 05:01:47+00:00,imgur.com,https://www.reddit.com/r/Leathercraft/comments/3r6bem/kangaroo_cardmoney_holder_all_hand_stitched/,False,,Leathercraft,Kangaroo Card/money holder all hand stitched,http://imgur.com/sPTQknU
82,2015-11-01 23:03:28+00:00,imgur.com,https://www.reddit.com/r/maille/comments/3r50na/first_fitting_of_the_scale_mail_bra_coming_out_ok/,False,,maille,"First fitting of the scale mail bra, coming out ok need to add two more layers though to the left side of the bra other then that just a few more minor details and its done, not bad for the first time making one",http://imgur.com/bQ2H6Xg
83,2015-10-26 07:20:56+00:00,imgur.com,https://www.reddit.com/r/Leathercraft/comments/3q93l8/experemental_leather_messenger_bag_fully_finished/,False,,Leathercraft,Experemental Leather Messenger bag fully finished woo hoo. Next one I make like this I use buckles instead of those damned magnets,http://imgur.com/a/k5mjN
84,2015-10-25 21:39:20+00:00,imgur.com,https://www.reddit.com/r/somethingimade/comments/3q755t/expermental_leather_messenger_bag_messing_around/,False,,somethingimade,"Expermental leather messenger bag, messing around with magnetic closures.",http://imgur.com/sliMRhE
85,2015-10-24 19:05:20+00:00,imgur.com,https://www.reddit.com/r/Leathercraft/comments/3q28um/expermental_leather_messenger_bag_using_3_magnets/,False,,Leathercraft,Expermental Leather Messenger bag. using 3 magnets (one disk magnet and two magnetic closures) for closing and holding the bag closed. All hand Stitched.,http://imgur.com/sliMRhE
86,2015-10-22 21:13:12+00:00,imgur.com,https://www.reddit.com/r/maille/comments/3ptnl0/slowly_but_surely_the_scalemail_bra_is_coming/,False,,maille,"Slowly but surely the scalemail bra is coming along, doesn't help that I have two other projects going!",http://imgur.com/gallery/B97nVva
87,2015-10-17 11:31:37+00:00,i.imgur.com,https://www.reddit.com/r/maille/comments/3p3o8w/beginning_of_a_scale_mail_bra_first_time_for/,False,,maille,"beginning of a scale mail bra, First time for making such a large piece out of scale mail",http://i.imgur.com/tc2ZAD5.jpg
88,2015-10-13 19:12:08+00:00,imgur.com,https://www.reddit.com/r/somethingimade/comments/3omfq9/leather_messenger_bag/,False,,somethingimade,Leather messenger Bag,http://imgur.com/a/dvnmZ
89,2015-10-13 19:11:21+00:00,imgur.com,https://www.reddit.com/r/Leathercraft/comments/3omfm3/new_leather_messenger_bag/,False,,Leathercraft,New Leather Messenger Bag,http://imgur.com/a/dvnmZ
90,2015-10-09 20:13:25+00:00,gibbinthegremlin.com,https://www.reddit.com/r/jewelery/comments/3o541c/rose_gold_argentium_silver_vertebrae_chainmaille/,False,,jewelery,Rose Gold Argentium Silver Vertebrae Chainmaille Bracelet – GibbinTheGremlin's B.E.S.T Chainmaille and Leather Goods,http://www.gibbinthegremlin.com/collections/precious-metal-bracelet/products/rose-gold-argentium-silver-vertebrae-chainmaille-bracelet
91,2015-10-07 19:43:27+00:00,imgur.com,https://www.reddit.com/r/Leathercraft/comments/3nvobc/leather_plague_doctors_mask_first_and_more_than/,False,,Leathercraft,Leather plague Doctor's mask first and more than likely the last one I will ever make its a nightmare to hand stitch the nose closed!!!!,http://imgur.com/gallery/JAVgp
92,2015-10-07 19:42:12+00:00,imgur.com,https://www.reddit.com/r/somethingimade/comments/3nvo4h/plague_doctor_mask_made_from_real_leather/,False,,somethingimade,Plague Doctor Mask made from real leather,http://imgur.com/gallery/JAVgp
93,2015-10-04 20:27:42+00:00,gibbinthegremlin.com,https://www.reddit.com/r/jewelery/comments/3nhoh3/sofias_hope_gibbinthegremlins_best_chainmaille/,False,,jewelery,Sofia's Hope – GibbinTheGremlin's B.E.S.T Chainmaille and Leather Goods A stunning 14k Yellow (or Rose gold) and sterling silver bracelet,http://www.gibbinthegremlin.com/collections/precious-metal-bracelet/products/sofias-hope
94,2015-10-03 20:16:59+00:00,i.imgur.com,https://www.reddit.com/r/Leathercraft/comments/3ndnme/both_hat_and_mask_are_made_by_me/,False,,Leathercraft,Both hat and mask are made by me,http://i.imgur.com/DOSePwZ.jpg
95,2015-10-03 19:58:15+00:00,i.imgur.com,https://www.reddit.com/r/somethingimade/comments/3ndl8q/hat_and_mask_that_i_have_made/,False,,somethingimade,Hat and mask that I have made,http://i.imgur.com/3VkWe6Z.jpg
96,2015-10-03 19:56:29+00:00,i.imgur.com,https://www.reddit.com/r/steampunk/comments/3ndl0m/the_day_the_hatter_truly_became_the_mad_hatter/,False,,steampunk,The day the hatter truly became the Mad Hatter,http://i.imgur.com/3VkWe6Z.jpg
97,2015-09-30 06:13:51+00:00,gibbinthegremlin.com,https://www.reddit.com/r/steampunkforsale/comments/3mxndh/an_assortment_of_steampunk_respirators_for_sale/,False,,steampunkforsale,"An assortment of steampunk respirators for sale, more to come as we continue to fiddle with the designs!",http://www.gibbinthegremlin.com/collections/steampunk-respirators
98,2015-09-27 23:07:41+00:00,imgur.com,https://www.reddit.com/r/steampunk/comments/3mmr20/newest_design_for_leather_masks_highly_adjustable/,False,,steampunk,"Newest design for leather masks, highly adjustable straps a good jump off point to add more goodies",http://imgur.com/a/leoEi
99,2015-09-27 23:06:01+00:00,imgur.com,https://www.reddit.com/r/Leathercraft/comments/3mmqu9/newest_leather_mask_design_highly_adjustable/,False,,Leathercraft,"Newest leather mask design, highly adjustable straps should fit almost any size head.",http://imgur.com/a/leoEi
100,2015-09-22 05:02:48+00:00,gibbinthegremlin.tumblr.com,https://www.reddit.com/r/steampunk/comments/3lwg6h/a_good_steampunk_look_for_me_to_scare_the_next/,False,,steampunk,A good steampunk look for me to scare the next door to door sales man with...should stop those pesky people in their tracks!!!,http://gibbinthegremlin.tumblr.com/image/129621235195
101,2015-09-20 13:16:15+00:00,gibbinthegremlin.tumblr.com,https://www.reddit.com/r/Leathercraft/comments/3lo8ek/wood_elfsteampunk_leather_resportater_or_the/,False,,Leathercraft,Wood elf/steampunk leather resportater or the weather was so crappy I was bored project,http://gibbinthegremlin.tumblr.com/image/129486169165
102,2015-09-18 19:59:18+00:00,gibbinthegremlin.tumblr.com,https://www.reddit.com/r/somethingimade/comments/3lh2b3/leather_backpack_that_is_98_finished_just_need_to/,False,,somethingimade,Leather Backpack that is 98% finished just need to cut the leather shoulder straps for it and its done!,http://gibbinthegremlin.tumblr.com/image/129367313310
103,2015-09-18 19:58:15+00:00,gibbinthegremlin.tumblr.com,https://www.reddit.com/r/Leathercraft/comments/3lh263/98_finished_leather_backpack_all_i_have_to_do_is/,False,,Leathercraft,98% finished leather backpack. All I have to do is make the damned shoulder straps..I so HATE cutting straps!!!,http://gibbinthegremlin.tumblr.com/image/129367313310
104,2015-09-16 05:02:59+00:00,self.Leathercraft,https://www.reddit.com/r/Leathercraft/comments/3l4uy0/ever_finish_a_project_even_though_you_know_you/,False,I just finished..well almost finished as i still need to edge dye it...a leather messenger bag that wad a bit of an experiment used 4 to 5 oz leather for front and back gussets 3 to 4 oz  saddly once it was all hand stitched (30×30 inches) the front will not hold its shape as it wants to bow inward a bit which makes it so you nearly have to squish it flatto close it...ah well will use it fora few pics the salvage hardware and leather pockets on it..,Leathercraft,Ever finish a project even though you KNOW you are going to scrap it any ways?,https://www.reddit.com/r/Leathercraft/comments/3l4uy0/ever_finish_a_project_even_though_you_know_you/
105,2015-09-09 19:51:13+00:00,gibbinthegremlin.com,https://www.reddit.com/r/somethingimade/comments/3kad37/wanting_to_get_some_impressions_on_this_bracelet/,False,,somethingimade,"Wanting to get some impressions on this bracelet, the design is something that I came up with, its aimed for the lovely ladies, as I honestly think its a bit too danty for a man's wrist.",http://www.gibbinthegremlin.com/collections/precious-metal-bracelet/products/sofias-hope
106,2015-09-07 08:30:37+00:00,gibbinthegremlin.tumblr.com,https://www.reddit.com/r/somethingimade/comments/3jy9sd/leather_messenger_bag_finally_finished_my/,False,,somethingimade,"Leather messenger bag FINALLY finished, my neighbor who is a landscaper is running tests on this bag, basicly beating the crap out of it so I know how well it will hold up",http://gibbinthegremlin.tumblr.com/image/128546376480
107,2015-09-06 20:22:25+00:00,gibbinthegremlin.tumblr.com,https://www.reddit.com/r/Leathercraft/comments/3jw5b5/newish_leather_bracer_skulls_and_spikes_was/,False,,Leathercraft,"Newish Leather bracer skulls and spikes, was rather fun to make, next one I make though will be with vinegarroon dye",http://gibbinthegremlin.tumblr.com/image/125374030875
108,2015-09-06 20:19:31+00:00,self.malefashion,https://www.reddit.com/r/malefashion/comments/3jw4z0/leather_jewellery_for_men/,False,"Personally when it comes to jewellery I either wear chainmail dragonweave bracelets (they tend to be a bit heavy and chunky looking which I love) or leather jewellery mostly in the form of either a bracelet or bracers. This is one of my own personal bracers 

http://gibbinthegremlin.tumblr.com/image/125374030875 

I just have to becareful as the spikes are a bit sharp and have poked myself a couple of times already lol.",malefashion,Leather jewellery for men,https://www.reddit.com/r/malefashion/comments/3jw4z0/leather_jewellery_for_men/
109,2015-09-05 20:35:28+00:00,gibbinthegremlin.com,https://www.reddit.com/r/somethingimade/comments/3js7w6/one_of_my_favorite_pieces_of_jewellery_to_make_do/,False,,somethingimade,"One of my favorite pieces of jewellery to make, do love working with gold and sterling silver",http://www.gibbinthegremlin.com/collections/precious-metal-bracelet/products/sterling-silver-and-14k-gold-chainmaille-dragonweave-bracelet
110,2015-09-05 20:30:46+00:00,gibbinthegremlin.com,https://www.reddit.com/r/steampunkforsale/comments/3js7as/sweetheart_overbust_steampunk_themed_leather/,False,,steampunkforsale,Sweetheart overbust steampunk themed leather corset – GibbinTheGremlin's B.E.S.T Chainmaille and Leather Goods,http://www.gibbinthegremlin.com/collections/corsets-2/products/sweetheart-overbust-steampunk-themed-leather-corset
111,2015-09-04 02:11:47+00:00,instagram.com,https://www.reddit.com/r/Leathercraft/comments/3jkg6g/effects_of_vinageroon_on_leather_with_resist_on/,False,,Leathercraft,Effects of Vinageroon on leather with resist on it the caption on the picture explains better,https://instagram.com/p/7MMmH5puF8/?taken-by=gibbinthegremlin
112,2015-09-03 04:06:34+00:00,self.corsetry,https://www.reddit.com/r/corsetry/comments/3jg6wa/ok_i_need_some_major_help/,False,"Ok working on what Tandy calles a ""mini"" corset it looks more like a back brace and goes around the waist, and just a little under ribs but doesn't cover all of it, but does tie in the back like a corset, so would this be classified more as a waist cincher? Sorry no pictures yet as I am still currently working on it, once all the tooling (this is pure leather by the way) and dying is done I will post a picture of it. But just need an idea of what to call this because to be honest mini corset sounds fucking retard to me..sorry a bit hyper today.",corsetry,Ok I need some MAJOR help,https://www.reddit.com/r/corsetry/comments/3jg6wa/ok_i_need_some_major_help/
113,2015-09-01 23:08:18+00:00,gibbinthegremlin.tumblr.com,https://www.reddit.com/r/Leathercraft/comments/3ja7rk/what_do_you_think_of_using_snaps_to_secure_a/,False,,Leathercraft,What do you think of using snaps to secure a strap to d-rings for a leather messenger bag instead of the normal clasps/hooks used. Just an experiment that I am trying.,http://gibbinthegremlin.tumblr.com/image/128141314175
114,2015-09-01 11:21:34+00:00,self.corsetry,https://www.reddit.com/r/corsetry/comments/3j7guo/been_asked_more_then_likely_but_where_can_you/,False,"Ok just wondering where you can pick up a pattern, preferably downloadable for a male corset as it seems to be rather interesting idea even for a simple back brace.",corsetry,been asked more then likely but where can you pick up a pattern for a male corset?,https://www.reddit.com/r/corsetry/comments/3j7guo/been_asked_more_then_likely_but_where_can_you/
115,2015-08-31 20:06:55+00:00,instagram.com,https://www.reddit.com/r/Leathercraft/comments/3j4krq/my_very_first_messenger_bag_this_came_out_a_lot/,,,Leathercraft,My very first messenger bag. This came out a lot better then I could have hoped for,https://instagram.com/p/7BMZh_JuDI/
116,2015-08-31 02:28:46+00:00,self.maille,https://www.reddit.com/r/maille/comments/3j17sy/need_help_from_those_that_have_used_titanium/,,"Ok first off yes the link goes to my store as its the only picture that I have of this necklace not trying to sell it to anyone but have a serious question for those that have used Titanium. How well will Titanium hold up at this small of a link id size? The links I have used in this necklace are 20G 4.50mm id in 14k gold, and sterling silver it is rather delicate and ugg I so hate working with gold at this thin as it is VERY easy to break..same with sterling! how well does Titanium hold up to wear and tear at this small of a size? And how hard is it to bend the links at this thin of a guage?

http://www.gibbinthegremlin.com/collections/necklaces/products/dragon-queens-tears",maille,Need help from those that have used Titanium,https://www.reddit.com/r/maille/comments/3j17sy/need_help_from_those_that_have_used_titanium/
117,2015-08-31 00:22:43+00:00,gibbinthegremlin.com,https://www.reddit.com/r/somethingimade/comments/3j0qds/a_design_that_we_came_up_with_and_think_its/,,,somethingimade,"A design that we came up with and think its interesting, just have to decided on if we want to make one out of sterling silver as well just not sure if people would like the design or not.",http://www.gibbinthegremlin.com/collections/necklaces/products/dragon-queens-tears
118,2015-08-26 20:58:41+00:00,self.steampunkforsale,https://www.reddit.com/r/steampunkforsale/comments/3iiisb/need_some_advice_on_pricing/,,"Thinking of selling something like this 
http://gibbinthegremlin.tumblr.com/image/127520723910
its all leather and hand made by myself, (that is my own personal hat by the way lol) but would a price range between 240 to 300 dollars be asking a bit much? ",steampunkforsale,Need some advice on pricing,https://www.reddit.com/r/steampunkforsale/comments/3iiisb/need_some_advice_on_pricing/
119,2015-08-26 20:48:42+00:00,gibbinthegremlin.com,https://www.reddit.com/r/steampunkforsale/comments/3iih9n/steampunk_brown_leather_corset_gibbinthegremlins/,,,steampunkforsale,Steampunk Brown Leather Corset – GibbinTheGremlin's B.E.S.T Chainmaille and Leather Goods,http://www.gibbinthegremlin.com/collections/corsets-2/products/steampunk-brown-leather-corset
120,2015-08-25 21:05:42+00:00,gibbinthegremlin.tumblr.com,https://www.reddit.com/r/Leathercraft/comments/3ids5r/woodgrain_look_first_time_i_have_tried_this_and/,,,Leathercraft,"woodgrain look. First time I have tried this and think it turned out pretty good, going to be a bracer. Got the pattern from a craft aid..might use this as a bag later on",http://gibbinthegremlin.tumblr.com/image/127538697050
121,2015-08-25 10:22:01+00:00,self.maille,https://www.reddit.com/r/maille/comments/3ibf43/favorite_metal_to_work_wtih/,,"Ok what is your favorite to work with, personally I am rather fond of both sterling silver and Argentium Silver, I do a bit of work with gold but it tends to be a bit to flimsy for my taste at least in the small gauges like 20 gauge so I get a little to heavy handed at times. So what is your fav to work with?",maille,Favorite metal to work wtih,http://www.reddit.com/r/maille/comments/3ibf43/favorite_metal_to_work_wtih/
122,2015-08-25 10:11:57+00:00,gibbinthegremlin.com,https://www.reddit.com/r/maille/comments/3ibec8/my_all_time_favorite_maille_that_i_have_done/,,,maille,"My all time favorite maille that I have done, something about dragonweave I just love!!",http://www.gibbinthegremlin.com/collections/precious-metal-bracelet/products/stunning-rose-gold-dragon-weave-bracelet
123,2015-08-25 01:44:55+00:00,gibbinthegremlin.tumblr.com,https://www.reddit.com/r/somethingimade/comments/3ia1pn/first_leather_top_hat_i_have_made_mixing_a_bit_of/,,,somethingimade,"First Leather Top Hat I have made, mixing a bit of chainmail, leather lace, and steampunk all mixed in",http://gibbinthegremlin.tumblr.com/image/127520723910
124,2015-08-25 01:33:30+00:00,gibbinthegremlin.tumblr.com,https://www.reddit.com/r/steampunk/comments/3ia03f/leather_top_hat_mixing_three_things_i_enjoy/,,,steampunk,"Leather Top Hat, mixing three things I enjoy leather, chainmail, and a dash of steampunk..first leather top hat I have made",http://gibbinthegremlin.tumblr.com/image/127520723910
125,2015-08-24 19:39:12+00:00,self.corsetry,https://www.reddit.com/r/corsetry/comments/3i8njr/what_is_a_good_waist_size_to_make_a_corset_for/,,"Ok just looking for a ""general""  size to make a few corsets for over the rack corsets. Currently I have made 2 leather full corsets and two under bust corsets though I have yet publish one which will be going up on my website soon, as the underbust has three interchangeable panels on it and it was rather fun to make. Just wanting to get a general idea of a "" standard""  for the lack of a better term waist to use while designing the corsets.",corsetry,"What is a ""good"" waist size to make a corset for with out having a model?",http://www.reddit.com/r/corsetry/comments/3i8njr/what_is_a_good_waist_size_to_make_a_corset_for/
